,address,ypred,list,gain-loss,rent,cap rate
7417785,"315 Niagara Ave For Rent Only, San Francisco, CA 94112 ",210191.75,110000,100191.75,3045.001708984375,0.3321819957386364
11061,"465 30th St, San Francisco, CA 94131 ",233222.1875,180000,53222.1875,5621.22412109375,0.3747482638888889
