Effect,Coefficient
adj_sqft,0.98428800000000005
bedrooms,-120.770258
bathrooms,-5.1024419999999999
base_rent,321.73375245232603
