,address,ypred,list,gain-loss,rent,cap rate
5131075,"629 King St # TH-10, San Francisco, CA 94107 ",266406.46875,358355,-91948.53125,4587.712890625,0.15362574733853301
